tracknum,asymmetry,moment,motion,mssSlope,normDiffCoeff,genDiffCoeff,scalingPower
1,1.0,2.0,3.0,0.61042158358,0.179263977408,0.152586189432,1.17587955661
1,0.0,1.0,nan,0.124347056818,0.0566049563244,0.124621668233,0.226871704885
2,0.0,2.0,nan,0.27626828684990873,0.05466868677122129,0.0807932951609,0.630019529228
3,1,2,2,0.4875955446214487,0.09582200210456307,0.109831899095,0.85748416025
4,0.0,nan,nan,nan,nan,nan,nan
5,0.0,nan,nan,nan,nan,nan,nan
6,0.0,nan,nan,nan,nan,nan,nan
7,1.0,nan,nan,nan,nan,nan,nan
8,0.0,2.0,nan,0.2764884989125268,0.21760515005803635,0.204115708195,1.05415408982
9,0.0,1.0,nan,-0.08877747944332012,0.07239916702564529,0.217287149525,-0.147808720498
10,0.0,1.0,nan,0.12876128900552763,0.036425362025010975,0.0799022438909,0.173181242311
11,0.0,nan,nan,nan,nan,nan,nan
12,0.0,nan,nan,nan,nan,nan,nan
12,0.0,2.0,nan,0.239545939057,0.0620450819798,0.0815138400423,0.746175403685
13,0.0,nan,nan,nan,nan,nan,nan
14,0.0,1.0,nan,0.11781171984797874,0.24831950435419972,0.424986489676,0.446945064059
15,0.0,2.0,nan,0.3030657267493567,0.09179614038932615,0.174922690576,0.326605778381
16,0.0,2.0,nan,0.327629195428,0.166123074438,0.201364214613,0.850386862589
16,0.0,1.0,nan,0.168719636244,0.124688105651,0.148100852174,0.820283751775
17,0.0,1.0,nan,0.04613836816515495,0.07763671989453232,0.161470952004,0.256670324858
18,0.0,nan,nan,nan,nan,nan,nan
19,0.0,1.0,nan,0.233624532145,0.0472988171505,0.078858960348,0.419639212584
19,0.0,nan,nan,nan,nan,nan,nan
20,0.0,2.0,nan,0.24923219588385795,0.22963398149036643,0.365178718636,0.470108458499
21,0.0,1.0,nan,0.16695379054115936,0.017803192333096716,0.0363425828015,0.231797343052
22,0.0,1.0,nan,0.26141668335937834,0.22452745153708892,0.33128320479,0.638267774928
23,1.0,nan,nan,nan,nan,nan,nan
24,0.0,nan,nan,nan,nan,nan,nan
25,1.0,nan,nan,nan,nan,nan,nan
25,0.0,2.0,nan,0.359089205682,0.245333807879,0.340038108507,0.606249441561
26,0.0,nan,nan,nan,nan,nan,nan
27,0.0,1.0,nan,0.20177434799685592,0.0959939193568501,0.152873903698,0.522289779433
28,0.0,1.0,nan,0.200429488299,0.0183044722299,0.0316357894815,0.428529803886
28,0.0,nan,nan,nan,nan,nan,nan
28,1.0,2.0,2.0,0.545923772065,0.0638707816719,0.0585963321276,1.10656712258
29,0.0,nan,nan,nan,nan,nan,nan
30,0.0,nan,nan,nan,nan,nan,nan
31,0.0,1.0,nan,0.2545991793206027,0.1561040567477145,0.256992552944,0.496301340739
32,0.0,1.0,nan,-0.027574410188712005,0.13121577111751329,0.262641508987,0.227425345668
33,0.0,nan,nan,nan,nan,nan,nan
34,0.0,nan,nan,nan,nan,nan,nan
35,0.0,1.0,nan,0.1352272909243626,0.11642118813614523,0.195854309315,0.423096706919
36,0.0,nan,nan,nan,nan,nan,nan
36,0.0,nan,nan,nan,nan,nan,nan
37,1.0,nan,nan,nan,nan,nan,nan
38,0.0,1.0,nan,0.09271091469732468,0.16557223977190746,0.278959260313,0.398861141973
39,0.0,2.0,nan,0.37184977000526126,0.19824036285927393,0.234230523934,0.824612368412
40,0.0,1.0,nan,0.213587842694,0.145479171251,0.256071017095,0.398641634454
40,0.0,nan,nan,nan,nan,nan,nan
40,0.0,nan,nan,nan,nan,nan,nan
41,0.0,2.0,nan,0.47674197038146887,0.1175202699481274,0.138972568037,0.943403106033
42,0.0,nan,nan,nan,nan,nan,nan
43,0.0,1.0,nan,0.0903108926025,0.0297517131281,0.0692577905161,0.137599105402
43,0.0,2.0,nan,0.313936971348,0.117135101458,0.166297583445,0.634928277921
44,1,2,2,0.4407645835295941,0.2517858706816257,0.279328860977,0.929979979805
45,0.0,nan,nan,nan,nan,nan,nan
46,0.0,1.0,nan,0.17096267425817863,0.3694977973479284,0.671658811205,0.335778253702
47,0.0,2.0,nan,0.429060475051218,0.23417125600048694,0.247902328909,0.963853601234
48,0.0,1.0,nan,0.2020192161823579,0.13447393254931844,0.195537316332,0.567346324789
49,1,2,2,0.28215123303010586,0.33991237031721566,0.465044357285,0.510218180726
50,0.0,2.0,nan,0.38916907648374266,0.3478244935683134,0.368389240881,0.887638659679
51,1.0,nan,nan,nan,nan,nan,nan
52,0.0,nan,nan,nan,nan,nan,nan
53,0.0,nan,nan,nan,nan,nan,nan
54,0.0,nan,nan,nan,nan,nan,nan
55,0.0,nan,nan,nan,nan,nan,nan
56,0.0,2.0,nan,0.34211552509927584,0.3613074674825145,0.496458087693,0.665535594072
57,0.0,nan,nan,nan,nan,nan,nan
58,0.0,2.0,nan,0.1992274323694922,0.13418969692297114,0.279543494882,0.233519879378
59,0.0,nan,nan,nan,nan,nan,nan
60,0.0,1.0,nan,0.173640020758,0.0802570470675,0.144948346737,0.384177338834
60,0.0,1.0,nan,0.0765863882743,0.0732570205305,0.143726407155,0.303153184623
60,0.0,1.0,nan,0.170795551031,0.0761993948851,0.141801433491,0.388800364637
61,0.0,nan,nan,nan,nan,nan,nan
62,0.0,nan,nan,nan,nan,nan,nan
62,0.0,1.0,nan,0.20524288032,0.138669748838,0.267290110905,0.286036056988
62,0.0,nan,nan,nan,nan,nan,nan
63,0.0,2.0,nan,0.299061433211,0.264999402944,0.371216847581,0.620921309695
63,0.0,1.0,nan,0.103255294476,0.217594464934,0.397362347883,0.350789742625
63,0.0,nan,nan,nan,nan,nan,nan
64,0.0,nan,nan,nan,nan,nan,nan
65,0.0,nan,nan,nan,nan,nan,nan
66,0.0,2.0,nan,0.4825425927726527,0.18024823641428062,0.182080613791,1.02127815813
67,0.0,1.0,nan,0.12862974558048668,0.11994768387423885,0.259745895969,0.125508121962
68,0.0,nan,nan,nan,nan,nan,nan
69,0.0,1.0,nan,0.1456403286571004,0.04352119283365315,0.0799743125923,0.366128820424
70,0.0,2.0,nan,0.2689450584313524,0.11566990755696965,0.153345467093,0.679260579863
71,0.0,nan,nan,nan,nan,nan,nan
72,0.0,2.0,nan,0.4216736860153725,0.19068120960766283,0.185791679951,1.03252591185
73,0.0,2.0,nan,0.4780989306861442,0.3486425718626656,0.312789158066,1.12327214033
74,0.0,nan,nan,nan,nan,nan,nan
75,0.0,1.0,nan,0.11559864357229559,0.22694906851191318,0.315083176846,0.646496683259
76,0.0,2.0,nan,0.34787951009780194,0.16379345985665503,0.215922719576,0.711420577033
77,0.0,nan,nan,nan,nan,nan,nan
78,0.0,nan,nan,nan,nan,nan,nan
78,0.0,2.0,nan,0.329573142531,0.139196794965,0.209167678991,0.641578958772
79,0.0,nan,nan,nan,nan,nan,nan
80,0.0,1.0,nan,0.278462678791,0.15607251263,0.247909993867,0.501448944051
80,0.0,1.0,nan,0.140189360859,0.132614788426,0.252167617291,0.209092480551
81,0.0,1.0,nan,0.125995636101,0.0872740628114,0.13689138434,0.487454450644
81,1.0,nan,nan,nan,nan,nan,nan
82,0.0,nan,nan,nan,nan,nan,nan
83,1,2,2,0.44653974708558264,0.6377843329645294,0.621439413307,1.02646602557
84,0.0,1.0,nan,0.0616071008139536,0.06217070561759772,0.139029360281,0.140094653581
85,0.0,nan,nan,nan,nan,nan,nan
86,0.0,1.0,nan,-0.06995211940545737,0.14818373611041796,0.301667606639,0.257572811449
87,1.0,nan,nan,nan,nan,nan,nan
88,0.0,nan,nan,nan,nan,nan,nan
89,1.0,nan,nan,nan,nan,nan,nan
90,1.0,nan,nan,nan,nan,nan,nan
91,1,1,2,0.14190664954328092,0.21713409704459827,0.460746805262,0.203788982689
92,0.0,nan,nan,nan,nan,nan,nan
93,1.0,nan,nan,nan,nan,nan,nan
94,0.0,2.0,nan,0.517360081402,0.576375040016,0.555713549971,1.01172748694
94,0.0,nan,nan,nan,nan,nan,nan
95,0.0,nan,nan,nan,nan,nan,nan
96,0.0,2.0,nan,0.5565681241549066,0.31381573525008544,0.33317919911,0.937467779918
97,1,2,2,0.465435072773,0.137463421494,0.158187357503,0.82555074788
97,1,2,2,0.523496836666,0.0628058732393,0.0639818744853,1.05313957456
98,0.0,1.0,nan,0.03738799149556791,0.06710794020713971,0.168229874696,0.0624176472856
99,0.0,1.0,nan,0.043968652400402534,0.043270699412748144,0.0833764631638,0.293212433312
100,0.0,1.0,nan,0.10813818479604992,0.1282239652766845,0.267803213224,0.347033875472
101,0.0,2.0,nan,0.5018730705116115,0.17409823544547495,0.173254186567,1.0281174514
102,0.0,nan,nan,nan,nan,nan,nan
103,0.0,1.0,nan,-0.043423354471,0.0504173374571,0.128839346253,0.0385660672208
103,0.0,nan,nan,nan,nan,nan,nan
104,0.0,nan,nan,nan,nan,nan,nan
105,0.0,nan,nan,nan,nan,nan,nan
106,0.0,nan,nan,nan,nan,nan,nan
107,0.0,nan,nan,nan,nan,nan,nan
108,0.0,1.0,nan,0.012342277051901924,0.02240163952790811,0.0557744408447,0.0784419741036
109,0.0,nan,nan,nan,nan,nan,nan
109,0.0,2.0,nan,0.338291810285,0.130995635965,0.170314625282,0.697184129398
110,0.0,nan,nan,nan,nan,nan,nan
111,0.0,1.0,nan,0.02796664884683329,0.05006015319282628,0.121420238268,0.095552820314
112,0.0,1.0,nan,0.16466746981786834,0.08446597127163458,0.168702666301,0.284016491696
113,1,2,2,0.5744456729106948,0.4767829698990875,0.323305874106,1.41122376293
114,0.0,nan,nan,nan,nan,nan,nan
115,0.0,nan,nan,nan,nan,nan,nan
116,0.0,1.0,nan,-0.014983207801755234,0.034147401619804264,0.0864569316433,-0.0063119055823
117,0.0,nan,nan,nan,nan,nan,nan
118,0.0,1.0,nan,-0.09280442744988057,0.021764704934704733,0.0538030785168,0.0109517323899
119,0.0,2.0,nan,0.421436916376,0.176231711492,0.187027994185,0.888237649356
119,1.0,nan,nan,nan,nan,nan,nan
120,0.0,2.0,nan,0.450333283214,0.131189823558,0.122627165637,1.0803664338
120,1.0,2.0,2.0,0.60519963835,0.361983099886,0.246221266582,1.40247269001
120,0.0,nan,nan,nan,nan,nan,nan
120,0.0,2.0,nan,0.441455662359,0.216717378814,0.256496014347,0.811025546558
121,0.0,nan,nan,nan,nan,nan,nan
122,1,2,2,0.4884598969080689,0.31051434914384546,0.262927453564,1.14524948438
123,1,1,2,0.14913353037565272,0.09635449311052346,0.196516932367,0.244161307465
124,0.0,nan,nan,nan,nan,nan,nan
125,0.0,nan,nan,nan,nan,nan,nan
126,0.0,1.0,nan,0.09733010176723719,0.05667944008736376,0.105778992241,0.350545423902
127,1.0,nan,nan,nan,nan,nan,nan
128,0.0,1.0,nan,0.018929862710541347,0.026740401366721907,0.0692860330963,0.0280717830871
129,0.0,nan,nan,nan,nan,nan,nan
130,1,2,2,0.6420657627413805,0.1863539870553429,0.157101340063,1.25017879673
131,0.0,1.0,nan,0.207366708430703,0.11595451351224015,0.195351459135,0.416082512134
132,0.0,1.0,nan,0.02961152452524385,0.02685765735173996,0.0668834824187,0.0583536985178
133,0.0,nan,nan,nan,nan,nan,nan
134,0.0,1.0,nan,0.11627464459555603,0.03227551236581741,0.0587931782671,0.373829164663
135,1,2,2,0.5521028816821488,0.3508844985718235,0.3477102463,1.01140671616
136,0.0,1.0,nan,0.04492708790621601,0.02903388467047506,0.0626575950485,0.224377929588
137,0.0,2.0,nan,0.386482376934,0.0871017505436,0.10776820074,0.840757610788
137,0.0,2.0,nan,0.27007590596,0.0605440981045,0.0888384208373,0.574628772753
138,0.0,nan,nan,nan,nan,nan,nan
139,0.0,nan,nan,nan,nan,nan,nan
140,1,2,2,0.2589518477558116,0.2788385390203354,0.391577640831,0.659512977785
141,1,1,1,0.06724067793459967,0.13313257364687958,0.302129840141,0.12684339309
142,0.0,2.0,nan,0.39856796144034695,0.18520341120982714,0.181107705044,0.958584839955
143,1.0,nan,nan,nan,nan,nan,nan
144,0.0,nan,nan,nan,nan,nan,nan
145,0.0,1.0,nan,0.061383953522980525,0.024104755140959916,0.0645406335237,-0.0286032077846
146,0.0,1.0,nan,0.276983578965,0.163452275582,0.229912326963,0.728728430655
146,0.0,nan,nan,nan,nan,nan,nan
147,0.0,nan,nan,nan,nan,nan,nan
148,0.0,1.0,nan,0.10394743000928826,0.09888497269376734,0.198356553454,0.286272897233
149,0.0,nan,nan,nan,nan,nan,nan
150,0.0,nan,nan,nan,nan,nan,nan
150,0.0,1.0,nan,0.242952209856,0.0753452086807,0.127863715916,0.484496697584
151,0.0,1.0,nan,0.17764252745592707,0.3609278754252029,0.713177217257,0.288717526454
152,0.0,1.0,nan,-0.10773002209473838,0.05112190973472175,0.140381353491,-0.0271656864638
153,0.0,1.0,nan,0.1929651207910931,0.16028268481830846,0.20600103725,0.728065077986
154,0.0,nan,nan,nan,nan,nan,nan
155,1,2,2,0.39799472190684687,0.08262606985595294,0.111506508473,0.692266839688
156,0.0,1.0,nan,0.12812212903612658,0.03954321539371896,0.0838071755402,0.203733273676
157,0.0,nan,nan,nan,nan,nan,nan
158,0.0,nan,nan,nan,nan,nan,nan
159,0.0,1.0,nan,0.2273096189590321,0.07921766927859174,0.132748713793,0.475343719947
160,0.0,2.0,nan,0.2325634302038708,0.0839831294362624,0.131782687197,0.529463085897
161,0.0,nan,nan,nan,nan,nan,nan
162,0.0,2.0,nan,0.29726417695626833,0.16831501518739647,0.238092657002,0.667941623323
163,0.0,1.0,nan,0.14190601449793727,0.02247662927199532,0.0563785353872,0.0749195326085
164,0.0,1.0,nan,0.05470031874842183,0.04764747575764228,0.104933672971,0.2087821167
165,1.0,2.0,2.0,0.315935993638,0.185655296932,0.18185487717,1.08162399804
165,0.0,nan,nan,nan,nan,nan,nan
166,0.0,nan,nan,nan,nan,nan,nan
167,0.0,nan,nan,nan,nan,nan,nan
168,0.0,1.0,nan,0.11758504227881145,0.03657853441495976,0.0737305989519,0.281797843858
169,1.0,nan,nan,nan,nan,nan,nan
170,0.0,1.0,nan,-0.042669230516599856,0.06040076517994023,0.146300988705,0.0797755963166
171,1.0,nan,nan,nan,nan,nan,nan
172,0.0,1.0,nan,0.2760315426673032,0.1019450713542735,0.107915403678,0.916482635976
173,1.0,2.0,2.0,0.42908149975,0.206927055621,0.229975051673,0.883710866618
173,0.0,nan,nan,nan,nan,nan,nan
174,0.0,nan,nan,nan,nan,nan,nan
175,0.0,nan,nan,nan,nan,nan,nan
176,0.0,1.0,nan,0.236459099858,0.117730760408,0.202663219965,0.428773546133
176,0.0,nan,nan,nan,nan,nan,nan
177,0.0,nan,nan,nan,nan,nan,nan
178,0.0,nan,nan,nan,nan,nan,nan
178,0.0,nan,nan,nan,nan,nan,nan
178,0.0,1.0,nan,0.24970779165,0.147654306237,0.225097263031,0.556452772506
179,0.0,nan,nan,nan,nan,nan,nan
180,0.0,2.0,nan,0.23535109710589763,0.17274356188255932,0.344629233942,0.311761988686
181,1.0,nan,nan,nan,nan,nan,nan
182,0.0,nan,nan,nan,nan,nan,nan
183,0.0,2.0,nan,0.286805626024,0.258282571735,0.332278726721,0.760917138828
183,0.0,nan,nan,nan,nan,nan,nan
184,0.0,2.0,nan,0.4687598184371758,0.14733028424437927,0.123841941541,1.18137974937
185,1,2,2,0.43078273725766536,0.07900484581424916,0.0754975954764,1.04742397971
186,0.0,1.0,nan,0.16939708662950273,0.04729214627138655,0.101515835757,0.218933472218
187,0.0,1.0,nan,-0.030956544774231314,0.09010077146920682,0.226449199951,0.0497387308963
188,0.0,1.0,nan,0.20184787173053984,0.18157127422524239,0.316504849466,0.409074823174
189,0.0,1.0,nan,0.213846412234,0.111815025369,0.182639001952,0.437442386845
189,0.0,1.0,nan,0.151765226695,0.0784596415218,0.154475966358,0.289369090033
190,0.0,1.0,nan,0.0862846362984952,0.05381611930825302,0.110792534928,0.212773405135
191,0.0,2.0,nan,0.444138224127686,0.1665759824387663,0.176540128078,0.899227520373
192,0.0,nan,nan,nan,nan,nan,nan
193,0.0,2.0,nan,0.5650162908767111,0.10684222158390082,0.147509298049,0.684423645331
194,0.0,nan,nan,nan,nan,nan,nan
195,0.0,1.0,nan,0.1477009906382867,0.11843690749437895,0.240435984536,0.305015012495
196,0.0,nan,nan,nan,nan,nan,nan
197,0.0,1.0,nan,0.020142388251214054,0.03263570077910553,0.0713181098505,0.220641273084
198,0.0,2.0,nan,0.3455415815111853,0.14156394055054877,0.200767104255,0.610001758266
199,1.0,nan,nan,nan,nan,nan,nan
200,1.0,2.0,2.0,0.484215091824,0.22781707516,0.286981216279,0.803524491923
200,0.0,nan,nan,nan,nan,nan,nan
201,0.0,1.0,nan,0.05095179546013624,0.1233549557470149,0.277916205639,0.19759371469
202,0.0,nan,nan,nan,nan,nan,nan
203,0.0,nan,nan,nan,nan,nan,nan
204,1,3,3,0.6357372695390621,0.07321798410190243,0.0726160962122,1.08015416728
205,1.0,nan,nan,nan,nan,nan,nan
206,0.0,nan,nan,nan,nan,nan,nan
207,1,1,2,0.12390867844081939,0.1307049489126681,0.161897270739,0.810740558214
208,0.0,1.0,nan,0.10316283222278967,0.04494052761860608,0.0979118045239,0.219613855189
209,0.0,nan,nan,nan,nan,nan,nan
210,0.0,1.0,nan,0.015484125165518881,0.03905359113676845,0.0764704897185,0.322529548222
211,1,2,2,0.5804785959910737,0.1508487154602028,0.144966896725,1.10693683563
212,0.0,1.0,nan,0.2456959029613522,0.11356386965152862,0.170234538807,0.580559764858
213,0.0,2.0,nan,0.2680651953432728,0.28715049151014005,0.358280154669,0.769366201814
214,0.0,1.0,nan,0.009132518733813101,0.03951035751260362,0.116620079742,-0.130402593545
215,0.0,nan,nan,nan,nan,nan,nan
216,0.0,1.0,nan,0.023152005732799952,0.17730381424905778,0.436031958069,0.0489860728272
217,0.0,nan,nan,nan,nan,nan,nan
217,0.0,2.0,nan,0.32328374482,0.206214008889,0.327744772022,0.529053899013
218,0.0,nan,nan,nan,nan,nan,nan
219,0.0,1.0,nan,0.10333051352968069,0.05250545431785639,0.101916302914,0.253500834914
220,0.0,nan,nan,nan,nan,nan,nan
221,0.0,nan,nan,nan,nan,nan,nan
222,0.0,1.0,nan,0.2635134840800452,0.1314225733913847,0.176656601537,0.701970001636
223,1,2,2,0.2365879618725523,0.06518357440025314,0.134721107948,0.241774918132
224,0.0,nan,nan,nan,nan,nan,nan
224,1.0,2.0,2.0,0.384689505858,0.208044415596,0.254992933473,0.808734122687
225,0.0,nan,nan,nan,nan,nan,nan
226,0.0,1.0,nan,0.17513357929422058,0.05736331845875293,0.0982777537971,0.460958760841
227,1.0,nan,nan,nan,nan,nan,nan
228,0.0,nan,nan,nan,nan,nan,nan
228,1.0,2.0,2.0,0.306545614462,0.108698654162,0.138226714831,0.735389440913
228,1.0,nan,nan,nan,nan,nan,nan
229,0.0,nan,nan,nan,nan,nan,nan
230,0.0,nan,nan,nan,nan,nan,nan
231,1,2,2,0.45093436165777406,0.2943105609233736,0.397603963987,0.668890961269
232,0.0,1.0,nan,0.07458299469924926,0.018077883002341914,0.0410997463938,0.139968419728
233,1.0,nan,nan,nan,nan,nan,nan
234,1.0,nan,nan,nan,nan,nan,nan
235,0.0,1.0,nan,0.11362234782,0.119482302447,0.258456906215,0.178461282988
235,0.0,1.0,nan,0.0465009690253,0.0596102833895,0.105352933314,0.460796589145
236,1.0,2.0,2.0,0.450993784162,0.117919269498,0.142079123069,0.832842450881
236,0.0,2.0,nan,0.388591540455,0.118687905531,0.161001782137,0.700915954828
237,0.0,2.0,nan,0.3814774962710576,0.18813166074484378,0.192118804529,0.94320326848
238,0.0,1.0,nan,0.08466740951050178,0.022458348949104777,0.044849272061,0.260343597804
239,1.0,nan,nan,nan,nan,nan,nan
240,1.0,nan,nan,nan,nan,nan,nan
241,0.0,nan,nan,nan,nan,nan,nan
242,1.0,nan,nan,nan,nan,nan,nan
242,0.0,2.0,nan,0.244611926301,0.0961671917787,0.223600725041,0.11877265645
243,1.0,nan,nan,nan,nan,nan,nan
244,0.0,nan,nan,nan,nan,nan,nan
245,1.0,nan,nan,nan,nan,nan,nan
246,0.0,1.0,nan,-0.03934539451112462,0.04945930679940394,0.141423359785,-0.0972423068497
247,1.0,nan,nan,nan,nan,nan,nan
248,0.0,2.0,nan,0.26125482217992874,0.08905911485152393,0.15897340899,0.401207876149
249,0.0,nan,nan,nan,nan,nan,nan
250,0.0,nan,nan,nan,nan,nan,nan
251,0.0,nan,nan,nan,nan,nan,nan
252,0.0,1.0,nan,0.0385801311457,0.0202777792491,0.0517058457103,0.112274715695
252,0.0,1.0,nan,0.0352967108086,0.0270929139183,0.0622442274756,0.127207619239
252,0.0,1.0,nan,0.083085185148,0.0215873854811,0.0504278151043,0.125723793392
253,0.0,nan,nan,nan,nan,nan,nan
254,0.0,1.0,nan,0.14318583788150868,0.0745024740876841,0.117569469894,0.522867279957
255,0.0,nan,nan,nan,nan,nan,nan
256,0.0,1.0,nan,-0.0163493126943596,0.05480665268227514,0.132707189816,0.0389947302604
257,0.0,nan,nan,nan,nan,nan,nan
258,0.0,nan,nan,nan,nan,nan,nan
259,1,2,2,0.4348167751323265,0.16028535044908548,0.186663129804,0.851783552785
260,0.0,1.0,nan,0.242285546701,0.212924822919,0.306766850569,0.594566413696
260,1.0,2.0,2.0,0.587443873622,0.139174251472,0.125889460763,1.13970270943
261,0.0,1.0,nan,0.1238112619229071,0.09378479979158422,0.209772088845,0.170488467145
262,0.0,nan,nan,nan,nan,nan,nan
263,0.0,nan,nan,nan,nan,nan,nan
264,0.0,2.0,nan,0.2904802599342468,0.13131547079929057,0.213591742529,0.483713931064
265,0.0,nan,nan,nan,nan,nan,nan
266,1,2,2,0.5243426372423691,0.11349744444786604,0.0964588340418,1.22710567257
267,0.0,nan,nan,nan,nan,nan,nan
268,0.0,1.0,nan,-0.021980132799264557,0.12113342164481514,0.309860309231,-0.0169357720482
269,0.0,1.0,nan,0.12694742042497573,0.08709592327943577,0.198212143828,0.162074836371
270,0.0,1.0,nan,0.021969337508405812,0.1048975185005759,0.254780899637,0.0622347849185
271,0.0,1.0,nan,0.0787358125492103,0.25373291548819416,0.434420846646,0.451220399951
272,1.0,nan,nan,nan,nan,nan,nan
273,0.0,nan,nan,nan,nan,nan,nan
274,0.0,1.0,nan,0.06804796095658754,0.1393526751785355,0.306201673254,0.173195888999
275,0.0,1.0,nan,0.1791032896234465,0.039960178472285245,0.0638693989084,0.529374806383
276,0.0,2.0,nan,0.32960661006000525,0.06636669977475623,0.10323090957,0.495134858633
277,0.0,nan,nan,nan,nan,nan,nan
278,0.0,nan,nan,nan,nan,nan,nan
279,0.0,nan,nan,nan,nan,nan,nan
280,0.0,1.0,nan,0.10488946681234286,0.09746714318587818,0.191567430709,0.251442985039
281,1,3,3,0.7043431990520318,0.2093555608866523,0.147190152959,1.40865374588
282,0.0,1.0,nan,0.1512516163139763,0.05480168474158618,0.0827074290393,0.489481424159
283,0.0,nan,nan,nan,nan,nan,nan
284,0.0,nan,nan,nan,nan,nan,nan
285,0.0,nan,nan,nan,nan,nan,nan
286,0.0,1.0,nan,0.0893957126452,0.0211068543987,0.0457914800033,0.164432991693
286,0.0,1.0,nan,0.0493967733383,0.024730452512,0.0520598748412,0.177616257989
287,1.0,nan,nan,nan,nan,nan,nan
288,0.0,nan,nan,nan,nan,nan,nan
289,0.0,1.0,nan,0.147824445027,0.151677160978,0.325435614706,0.298201426498
289,0.0,2.0,nan,0.332038522816,0.0821488545244,0.122504499872,0.55267156279
289,1.0,nan,nan,nan,nan,nan,nan
290,0.0,nan,nan,nan,nan,nan,nan
291,0.0,nan,nan,nan,nan,nan,nan
292,1,2,2,0.5106912350401774,0.0802015359449755,0.0825362349376,0.970031549192
293,0.0,nan,nan,nan,nan,nan,nan
294,0.0,nan,nan,nan,nan,nan,nan
295,0.0,1.0,nan,0.1766606842933159,0.17502071179389145,0.295386590688,0.364233280216
296,0.0,nan,nan,nan,nan,nan,nan
297,0.0,nan,nan,nan,nan,nan,nan
298,0.0,nan,nan,nan,nan,nan,nan
299,0.0,nan,nan,nan,nan,nan,nan
300,0.0,1.0,nan,0.1178392282099255,0.03129112251877716,0.0683070523369,0.210830151943
301,0.0,nan,nan,nan,nan,nan,nan
302,0.0,1.0,nan,0.03941898699792328,0.05922994553849372,0.144759435822,0.0265229832891
303,0.0,1.0,nan,0.05901357593020895,0.22397234702787783,0.423692179793,0.300184972537
304,0.0,2.0,nan,0.2585163786872385,0.0993191849915531,0.157863785202,0.469147639108
305,1,2,2,0.3065022836613556,0.05098273923577447,0.0717394288146,0.655017835769
306,0.0,1.0,nan,0.17117965031437865,0.17567069728805088,0.326538684809,0.348436040612
307,0.0,1.0,nan,0.23819451655458695,0.09855955660179948,0.16549053434,0.480398801237
308,0.0,1.0,nan,-0.020185848475745803,0.12582435591744864,0.286951136601,0.132978046462
309,0.0,1.0,nan,0.13259111210199567,0.2560964376053431,0.489654560414,0.330223082449
310,0.0,1.0,nan,0.119626719116,0.101314329677,0.217027010012,0.194843182723
310,0.0,2.0,nan,0.347771628629,0.273562459792,0.324936186382,0.761062509077
311,0.0,1.0,nan,-0.10502460743082392,0.10472402611632865,0.240330963565,0.074684190887
312,0.0,nan,nan,nan,nan,nan,nan
313,0.0,nan,nan,nan,nan,nan,nan
314,0.0,2.0,nan,0.21168661145863965,0.1208951053371942,0.175322010627,0.611799777212
315,0.0,1.0,nan,0.1749078184773669,0.05329814033029207,0.0823692151828,0.510313732608
316,0.0,nan,nan,nan,nan,nan,nan
317,0.0,2.0,nan,0.23463202237414968,0.4960244441442697,0.551033450636,0.890161368563
318,0.0,nan,nan,nan,nan,nan,nan
319,0.0,2.0,nan,0.2070051116655419,0.11417522187976596,0.194661864737,0.442787838943
320,0.0,nan,nan,nan,nan,nan,nan
321,1,3,3,0.7965448944386218,0.22624373553655402,0.180898151126,1.40147425595
322,0.0,nan,nan,nan,nan,nan,nan
323,0.0,nan,nan,nan,nan,nan,nan
324,0.0,1.0,nan,-0.07201910754970066,0.12585876276050673,0.243803532495,0.278452673285
325,0.0,nan,nan,nan,nan,nan,nan
325,0.0,nan,nan,nan,nan,nan,nan
325,0.0,2.0,nan,0.568901454416,0.384689339794,0.40775185296,0.90277887238
326,0.0,nan,nan,nan,nan,nan,nan
327,1.0,nan,nan,nan,nan,nan,nan
328,0.0,1.0,nan,-0.11301534135872748,0.0931858757390924,0.224650022089,0.0647488919904
329,0.0,nan,nan,nan,nan,nan,nan
330,0.0,1.0,nan,0.02384080981254139,0.025611431635724168,0.0602749625514,0.0935716947969
331,0.0,nan,nan,nan,nan,nan,nan
332,0.0,nan,nan,nan,nan,nan,nan
333,0.0,nan,nan,nan,nan,nan,nan
334,0.0,nan,nan,nan,nan,nan,nan
335,0.0,nan,nan,nan,nan,nan,nan
336,0.0,1.0,nan,0.11912844373535196,0.024295897789065244,0.0550592939663,0.130019958206
337,0.0,2.0,nan,0.40225526655115595,0.11346764197809595,0.12652799517,0.862366134989
338,0.0,1.0,nan,0.02354798355379562,0.04662611221277864,0.11301309349,0.081860982195
339,0.0,nan,nan,nan,nan,nan,nan
340,0.0,nan,nan,nan,nan,nan,nan
341,0.0,2.0,nan,0.33805796174588665,0.12583730439230506,0.190521845399,0.545008900327
342,0.0,1.0,nan,-0.1167781041801713,0.05535605449587441,0.119915004546,0.214758891836
343,0.0,1.0,nan,0.15652308642745338,0.1449159341565594,0.297581912009,0.277043133913
344,1,2,2,0.30898919136487907,0.12330065500104206,0.137655898871,0.884980101998
345,1,3,3,0.6049198579445745,0.08028047011440032,0.0536567733553,1.35223663275
346,0.0,1.0,nan,0.027189427786877225,0.14627303003529946,0.369927591006,0.0619635127206
347,0.0,2.0,nan,0.22117067439243893,0.09086736482781149,0.157115319605,0.435318500312
348,0.0,nan,nan,nan,nan,nan,nan
349,0.0,1.0,nan,0.11838165349739116,0.11418360306518832,0.220792437589,0.349474336582
350,0.0,2.0,nan,0.370465311477322,0.7352050397257741,0.967040231098,0.713742929051
351,0.0,1.0,nan,0.0438874488030914,0.013333922291168287,0.031504957517,0.0959197767777
352,0.0,2.0,nan,0.29071347556813815,0.23677273680281927,0.302931146625,0.788859535525
353,0.0,nan,nan,nan,nan,nan,nan
354,0.0,nan,nan,nan,nan,nan,nan
355,0.0,nan,nan,nan,nan,nan,nan
356,0.0,1.0,nan,0.2325871396469438,0.12542611805040968,0.209145187161,0.46175648632
357,0.0,2.0,nan,0.39432357854023276,0.2801032561617112,0.363075175069,0.698158324693
358,0.0,1.0,nan,0.16150251499887738,0.24244028711627383,0.363077627177,0.578212098617
359,1,2,2,0.4291815827467061,0.2238010116472609,0.23015744231,0.966674080984
360,0.0,nan,nan,nan,nan,nan,nan
361,0.0,1.0,nan,0.24439632133487002,0.24222556404701162,0.388940105628,0.503862767949
362,0.0,1.0,nan,0.2144111644415167,0.2542106906291806,0.434034469126,0.418958545645
363,1,2,2,0.4557008289449663,0.07200674694204537,0.0562223355222,1.27084023802
364,0.0,nan,nan,nan,nan,nan,nan
365,0.0,1.0,nan,0.07577247279783739,0.03845878817626131,0.0885156866031,0.151240912288
366,0.0,2.0,nan,0.32315562676938764,0.12927723851955403,0.20484502501,0.494336169101
367,0.0,nan,nan,nan,nan,nan,nan
368,0.0,nan,nan,nan,nan,nan,nan
369,0.0,1.0,nan,0.08782264206060042,0.051826107735983735,0.102237716233,0.256494342093
370,0.0,1.0,nan,0.010927259837244265,0.12972067929327125,0.336924801882,0.00132627831585
371,0.0,nan,nan,nan,nan,nan,nan
372,0.0,nan,nan,nan,nan,nan,nan
373,0.0,nan,nan,nan,nan,nan,nan
374,0.0,1.0,nan,0.21326059786458854,0.1757991158025878,0.357504843682,0.254445675241
375,0.0,2.0,nan,0.33911498881985935,0.16023620294304072,0.236944913675,0.596678924646
376,0.0,1.0,nan,0.06983914554425212,0.06328784596805613,0.121667508235,0.289904054213
377,0.0,nan,nan,nan,nan,nan,nan
378,0.0,nan,nan,nan,nan,nan,nan
379,1,2,2,0.5569605425574581,0.2908713119779523,0.29663234764,1.02424379332
380,0.0,2.0,nan,0.47400431138295207,0.15311402681360844,0.184836201742,0.77999963334
381,0.0,nan,nan,nan,nan,nan,nan
382,1.0,nan,nan,nan,nan,nan,nan
382,0.0,1.0,nan,0.0368377344484,0.348924475622,0.543625047052,0.506432155238
383,0.0,nan,nan,nan,nan,nan,nan
384,0.0,1.0,nan,0.11846360648935017,0.10172697108604364,0.184386850823,0.394059345953
385,1.0,nan,nan,nan,nan,nan,nan
386,0.0,nan,nan,nan,nan,nan,nan
387,0.0,1.0,nan,0.20461453138140645,0.1620410991138703,0.29263319781,0.315784835187
388,0.0,nan,nan,nan,nan,nan,nan
389,0.0,1.0,nan,0.08151762213938293,0.039673313100779845,0.0909349669547,0.120506247471
390,0.0,1.0,nan,0.06005678373939387,0.02337214808567405,0.0532862814506,0.165850178357
391,0.0,1.0,nan,0.0432170217514,0.239601189356,0.56112081909,0.0664256112147
391,0.0,1.0,nan,0.0133871313464,0.0391944317817,0.102514339026,0.00188111330879
392,0.0,nan,nan,nan,nan,nan,nan
393,0.0,nan,nan,nan,nan,nan,nan
394,0.0,nan,nan,nan,nan,nan,nan
395,1,2,2,0.5714717393795881,0.11067640767829574,0.123070338911,1.00053246239
396,0.0,nan,nan,nan,nan,nan,nan
397,0.0,nan,nan,nan,nan,nan,nan
398,0.0,nan,nan,nan,nan,nan,nan
399,1,2,2,0.3867103628748444,0.08897808804203956,0.100181789137,0.824557714155
400,0.0,nan,nan,nan,nan,nan,nan
401,0.0,nan,nan,nan,nan,nan,nan
402,0.0,nan,nan,nan,nan,nan,nan
403,0.0,nan,nan,nan,nan,nan,nan
404,0.0,2.0,nan,0.4159787000648396,0.28336501887009574,0.294102705276,0.937012800559
405,0.0,1.0,nan,0.17810438583548924,0.0349658609896518,0.0762710312229,0.173785060786
406,0.0,nan,nan,nan,nan,nan,nan
407,1.0,nan,nan,nan,nan,nan,nan
408,0.0,nan,nan,nan,nan,nan,nan
409,0.0,1.0,nan,0.20647103600278227,0.19416178867978012,0.264902576635,0.699576804449
410,0.0,nan,nan,nan,nan,nan,nan
411,0.0,1.0,nan,0.037000466554639316,0.057767527016074495,0.158276974545,-0.0390682660248
412,1,2,2,0.27980227227756116,0.2001229981606411,0.313776038254,0.479620304492
413,0.0,nan,nan,nan,nan,nan,nan
414,0.0,2.0,nan,0.3139421228128897,0.5317661653768819,0.638425000055,0.715733241981
415,0.0,nan,nan,nan,nan,nan,nan
416,0.0,nan,nan,nan,nan,nan,nan
417,0.0,1.0,nan,0.05338731232671569,0.0192547553248303,0.052447188109,-0.0662509552918
418,0.0,nan,nan,nan,nan,nan,nan
419,0.0,1.0,nan,0.21130927867471874,0.2606442176218532,0.44050310317,0.553257818934
420,0.0,1.0,nan,0.022424590797714552,0.03679465594392346,0.0943166585054,0.0139017273224
421,0.0,2.0,nan,0.23065297695446865,0.3492362945452951,0.467122884954,0.675712767558
422,0.0,1.0,nan,-0.00924039424155376,0.02189804875911725,0.0519732800361,0.0467898473667
423,0.0,nan,nan,nan,nan,nan,nan
424,0.0,1.0,nan,-0.0002093762979789346,0.02384266576942813,0.0601488183163,0.031706460726
425,0.0,2.0,nan,0.305788635312,0.495897820909,0.615040068219,0.759039752559
425,0.0,1.0,nan,0.175556478852,0.0861391680055,0.154209782237,0.354826512794
426,0.0,2.0,nan,0.40973328601,0.278201292246,0.32784746404,0.873592683597
426,1.0,2.0,2.0,0.536712938758,0.640362652505,0.581397162574,1.08565545749
427,0.0,2.0,nan,0.3748387328145461,0.15681760523827734,0.18486154036,0.828173349115
428,1,2,2,0.5565976753672977,0.3882361177588789,0.342961376216,1.12497222927
429,0.0,nan,nan,nan,nan,nan,nan
430,0.0,2.0,nan,0.3092569468037249,0.13852456550280615,0.209398970233,0.554253648653
431,0.0,2.0,nan,0.4428701718450469,0.302677356555016,0.31708314818,0.939440705236
432,0.0,nan,nan,nan,nan,nan,nan
433,0.0,nan,nan,nan,nan,nan,nan
434,1,2,2,0.5242499436593268,0.3243912135213139,0.241306311166,1.28279136301
435,0.0,1.0,nan,0.09015698608102023,0.08649429075057748,0.135495842183,0.535590102249
436,0.0,nan,nan,nan,nan,nan,nan
437,0.0,2.0,nan,0.21206487723335446,0.12019418192029582,0.236615316729,0.29260758551
438,0.0,nan,nan,nan,nan,nan,nan
439,0.0,nan,nan,nan,nan,nan,nan
440,0.0,nan,nan,nan,nan,nan,nan
441,1,3,2,0.6880193698547258,0.18975847757678688,0.168927306976,1.12144522956
442,0.0,nan,nan,nan,nan,nan,nan
443,0.0,nan,nan,nan,nan,nan,nan
444,0.0,2.0,nan,0.3875648710868473,0.21910473576169995,0.238144011717,0.909192540884
445,1,1,2,0.21164658619103507,0.35963916142598984,0.609213386671,0.428320409945
446,1.0,nan,nan,nan,nan,nan,nan
447,0.0,nan,nan,nan,nan,nan,nan
448,0.0,nan,nan,nan,nan,nan,nan
449,0.0,1.0,nan,0.162714918411,0.280271038655,0.51459985682,0.381386368067
449,1.0,nan,nan,nan,nan,nan,nan
450,0.0,nan,nan,nan,nan,nan,nan
451,0.0,1.0,nan,0.15763150708519874,0.1215647380127339,0.202266498167,0.481618241487
452,0.0,nan,nan,nan,nan,nan,nan
453,1.0,nan,nan,nan,nan,nan,nan
454,0.0,nan,nan,nan,nan,nan,nan
455,0.0,1.0,nan,0.07822988628834852,0.08866603674918021,0.211428876939,0.168318649211
456,0.0,1.0,nan,0.21636731275557716,0.14882277792895485,0.268206154162,0.330343489837
457,0.0,nan,nan,nan,nan,nan,nan
458,0.0,1.0,nan,0.30934703435,0.311934895661,0.385886198147,0.775538569308
458,0.0,nan,nan,nan,nan,nan,nan
458,1.0,1.0,1.0,0.32335517549,0.342858533546,0.489781692758,0.682442248867
459,0.0,nan,nan,nan,nan,nan,nan
460,0.0,nan,nan,nan,nan,nan,nan
461,0.0,1.0,nan,-0.013725775441077283,0.2060626377600176,0.493879689853,0.0870879760063
462,0.0,nan,nan,nan,nan,nan,nan
463,0.0,nan,nan,nan,nan,nan,nan
464,0.0,nan,nan,nan,nan,nan,nan
465,0.0,1.0,nan,-0.03424709096574464,0.025279297787830533,0.0617839563915,0.0666741772664
466,0.0,nan,nan,nan,nan,nan,nan
467,0.0,2.0,nan,0.24994215407460454,0.03625284949389828,0.0640775468683,0.405141496467
468,0.0,nan,nan,nan,nan,nan,nan
469,0.0,nan,nan,nan,nan,nan,nan
470,1.0,2.0,2.0,0.468239601948,0.282553821983,0.296059564105,0.951560624276
470,0.0,2.0,nan,0.363180095429,0.310978173159,0.331180885285,0.979604662213
471,0.0,1.0,nan,0.26011328822674695,0.32810548240431003,0.501809968819,0.540289654629
472,0.0,nan,nan,nan,nan,nan,nan
473,1,2,2,0.4869468219363604,0.3261225101272761,0.329198041322,0.975085955456
474,0.0,2.0,nan,0.5413910375745284,0.4244047682998062,0.397156557208,1.07320613508
475,0.0,nan,nan,nan,nan,nan,nan
476,0.0,1.0,nan,0.2630737676590972,0.26589206769779905,0.371906199943,0.596344986966
477,0.0,1.0,nan,0.2167295552400463,0.4334603846522931,0.595331652718,0.640264583568
478,0.0,1.0,nan,0.20182127475057723,0.3248055039579276,0.537279098234,0.434188905227
479,0.0,2.0,nan,0.38408520132951474,0.48821107838989325,0.593785848189,0.84669012709
480,0.0,2.0,nan,0.45101498434498755,0.3322864569305044,0.340525798122,0.985569646362
481,0.0,2.0,nan,0.39795651871949683,0.3466802476542582,0.389364116742,0.909769737905
482,0.0,nan,nan,nan,nan,nan,nan
483,0.0,nan,nan,nan,nan,nan,nan
484,0.0,nan,nan,nan,nan,nan,nan
485,0.0,nan,nan,nan,nan,nan,nan
486,0.0,2.0,nan,0.43414893260437243,0.3546510020276463,0.401801015301,0.919959523312
487,0.0,nan,nan,nan,nan,nan,nan
488,0.0,1.0,nan,0.2849196479158823,0.37070609505470986,0.518234940821,0.654225016607
489,0.0,nan,nan,nan,nan,nan,nan
490,0.0,nan,nan,nan,nan,nan,nan
491,0.0,nan,nan,nan,nan,nan,nan
492,0.0,nan,nan,nan,nan,nan,nan
493,0.0,2.0,nan,0.3989334245776122,0.5807866477681912,0.670737014293,0.797909511878
494,0.0,2.0,nan,0.271619464411638,0.24527404358168312,0.29554742337,0.79561024913
495,1,3,3,0.6993441117910186,0.5263629988787404,0.392860501405,1.30552167165
496,0.0,2.0,nan,0.5710000202764994,0.42434295659911986,0.354726478948,1.1772696252
497,0.0,2.0,nan,0.362471725789516,0.2878329075296065,0.327193740106,0.841772160838
498,0.0,2.0,nan,0.18593089077167868,0.4745077346351005,0.775040683068,0.487583864266
499,0.0,2.0,nan,0.5393466533509157,0.34901644915482377,0.293540912056,1.16264986894
500,0.0,3.0,nan,0.770726339148,0.463226300096,0.346470283637,1.31751057977
500,0.0,nan,nan,nan,nan,nan,nan
501,0.0,2.0,nan,0.33406178963201727,0.4106797193110975,0.502371798613,0.723667922771
502,0.0,2.0,nan,0.2105470003261169,0.463176706540749,0.643313013724,0.656894686583
503,0.0,2.0,nan,0.4019325615580606,0.4729607197929281,0.518039273358,0.895426981742
504,0.0,nan,nan,nan,nan,nan,nan
505,0.0,2.0,nan,0.4623568668202062,0.6259382457562939,0.660629523789,0.964275534869
506,0.0,nan,nan,nan,nan,nan,nan
507,1,3,3,0.7467029508568813,0.42548673604288345,0.302092711944,1.3783418649
508,0.0,nan,nan,nan,nan,nan,nan
509,0.0,nan,nan,nan,nan,nan,nan
510,0.0,nan,nan,nan,nan,nan,nan
511,0.0,nan,nan,nan,nan,nan,nan
512,1,2,2,0.5769227246384683,0.2709522162411662,0.232164046653,1.17799566382
513,0.0,nan,nan,nan,nan,nan,nan
514,0.0,nan,nan,nan,nan,nan,nan
514,0.0,nan,nan,nan,nan,nan,nan
515,0.0,nan,nan,nan,nan,nan,nan
516,0.0,nan,nan,nan,nan,nan,nan
517,0.0,2.0,nan,0.460579286501,0.460065226223,0.454711890625,1.04961695576
517,0.0,2.0,nan,0.366596012325,0.319516989918,0.360534637162,0.908594092263
518,0.0,2.0,nan,0.5127631669291348,0.46802581986869446,0.350813312967,1.27401924699
519,0.0,nan,nan,nan,nan,nan,nan
520,0.0,nan,nan,nan,nan,nan,nan
521,0.0,2.0,nan,0.46077097889090635,0.5121484406965945,0.560296794929,0.905050194145
522,0.0,2.0,nan,0.3085807914557856,0.2751408670152942,0.371781034994,0.664462495997
523,0.0,2.0,nan,0.45374512593810623,0.2439597276515455,0.297324745813,0.793397240907
524,0.0,2.0,nan,0.413694753175043,0.2816939001745755,0.278522872658,1.03600242128
525,0.0,1.0,nan,0.23463372611421426,0.43703447651270555,0.656351194313,0.514095408222
526,1,2,2,0.431886025908626,0.2917702466126687,0.389497490469,0.761942945768
527,1,2,2,0.47663238110454376,0.2697703545709588,0.252738896757,1.05252505396
528,0.0,2.0,nan,0.341776630529346,0.3664107941533785,0.406624503064,0.891242558841
529,0.0,nan,nan,nan,nan,nan,nan
530,0.0,2.0,nan,0.22146474364889793,0.26597356854729953,0.372046138724,0.610514394415
531,0.0,nan,nan,nan,nan,nan,nan
532,0.0,2.0,nan,0.2521769000364775,0.3222957885824831,0.525665184458,0.438747988746
533,1.0,nan,nan,nan,nan,nan,nan
534,0.0,nan,nan,nan,nan,nan,nan
535,0.0,nan,nan,nan,nan,nan,nan
536,0.0,2.0,nan,0.5500474772968188,0.36193623333447145,0.306422195886,1.15615000328
537,0.0,nan,nan,nan,nan,nan,nan
538,1.0,nan,nan,nan,nan,nan,nan
539,0.0,nan,nan,nan,nan,nan,nan
540,0.0,2.0,nan,0.2868790862301909,0.38367618291157546,0.533610450567,0.62469365064
